Map,Agents,Lambda,Algorithm,Samples,AvgServiceTime,AvgServiceTime_std,AvgPathLength,AvgPathLength_std,PeakMemory_MB,PeakMemory_MB_std,NPC,NPC_std,NPC_min,NPC_max,PerStepTime,PerStepTime_std
paris,200,0.5,Baseline,20,187.1305,0.8053601678752215,190.764899277129,0.8815170587765797,119.208203125,4.011570929155351,1.0097449999999997,0.01724,1.0023,1.3333,10.20969370454332,0.4348320131354472
paris,200,0.5,Full,20,180.2315,0.5507341989514871,178.7095506995821,0.5788900889928997,112.4353515625,4.125444544637514,1.020965,0.025345,1.0,1.3333,16.814757998160598,0.5213337487591136
paris,200,0.5,w/o_LNS,20,187.14050000000003,0.8069336045210087,190.7930474932667,0.8946830027081031,116.5279296875,4.465723190191939,1.0097449999999997,0.01724,1.0023,1.3333,9.708262267254712,0.3313449038563918
paris,200,0.5,w/o_PrePlan,20,180.2315,0.5507341989514871,178.7095506995821,0.5788900889928997,111.107421875,3.554829265355586,1.020965,0.025345,1.0,1.3333,17.20366995357454,0.6006168962093992
paris,400,0.5,Baseline,20,176.9345,0.3965041315242356,188.7915072686369,0.7399460719247845,116.5939453125,4.493591112774163,1.0097399999999996,0.0172,1.0023,1.3333,23.60582536312695,0.4204282905867005
paris,400,0.5,Full,20,175.95199999999997,0.2330936111928999,186.14168700154968,0.5889826250841366,110.55390625,6.082931206762136,1.015685,0.0188,1.0,1.3333,30.42870570205487,0.6212883014910409
paris,400,0.5,w/o_LNS,20,176.9345,0.3985826863961049,188.80966098818192,0.7414371125736081,115.9599609375,4.918675513932221,1.0097399999999996,0.0172,1.0023,1.3333,23.58679604959249,0.3845134476423166
paris,400,0.5,w/o_PrePlan,20,175.95199999999997,0.2330936111928999,186.14168700154968,0.5889826250841366,113.6359375,5.358040672999378,1.015685,0.0188,1.0,1.3333,30.43048389285209,0.6120579045394839
paris,600,0.5,Baseline,20,174.3105,0.2309129478259813,192.64587501049056,0.6364394910768352,121.6572265625,3.489186929111477,1.0097399999999996,0.017235,1.0023,1.3333,77.22570087786589,1.929664401882992
paris,600,0.5,Full,20,173.89550000000003,0.1674412701437995,191.5086357024313,0.9163910620873644,120.948828125,4.236190023432362,1.011815,0.017685,1.0,1.3333,84.14271319249606,1.857603081714249
paris,600,0.5,w/o_LNS,20,174.30900000000003,0.2321954711920673,192.6675167200439,0.6606251454625736,121.4408203125,5.482833468567648,1.0097399999999996,0.017235,1.0023,1.3333,78.05861706518387,1.5418619654024868
paris,600,0.5,w/o_PrePlan,20,173.89550000000003,0.1674412701437995,191.5086357024313,0.9163910620873644,121.312109375,3.53830175013817,1.011815,0.017685,1.0,1.3333,84.62679526591782,1.534170809936482
paris,800,0.5,Baseline,20,173.00349999999997,0.2189033672891442,196.33336653896785,1.0094904509279072,126.653515625,4.209636251838143,1.0097599999999995,0.01722,1.0023,1.3333,200.28767536979475,4.149354993914804
paris,800,0.5,Full,20,172.73000000000002,0.1265327084819921,195.86954557122652,0.9435792021803248,130.387109375,4.146971942438894,1.0105,0.0173849999999999,1.0,1.3333,204.93037223487767,4.405967723760709
paris,800,0.5,w/o_LNS,20,173.00550000000004,0.2217982725005094,196.31542678299448,1.0316797718976884,129.86171875,2.925642602425992,1.0097499999999997,0.0172149999999999,1.0023,1.3333,199.54580488698952,4.325630032111018
paris,800,0.5,w/o_PrePlan,20,172.73000000000002,0.1265327084819921,195.86954557122652,0.9435792021803248,128.2390625,4.209867178873237,1.0105,0.0173849999999999,1.0,1.3333,208.0349053373669,4.11544267271791
paris,1000,0.5,Baseline,20,172.203,0.2077979788159627,199.484826635628,0.9687671675207248,139.515625,3.149620325189275,1.0097599999999995,0.017195,1.0023,1.3333,415.7330075932185,8.730362129868935
paris,1000,0.5,Full,20,171.95200000000003,0.1270142967501946,199.13566987238173,0.7589973651123044,140.076953125,3.669236808581958,1.010075,0.017255,1.0,1.3333,422.6586242530531,9.102666440473817
paris,1000,0.5,w/o_LNS,20,172.20599999999996,0.2087657967549669,199.49146547457352,0.9406555721630224,138.57734375,3.6842643378207134,1.0097599999999995,0.017195,1.0023,1.3333,417.10902139508846,8.740379356484176
paris,1000,0.5,w/o_PrePlan,20,171.95200000000003,0.1270142967501946,199.13566987238173,0.7589973651123044,140.6556640625,3.227192226156296,1.010075,0.017255,1.0,1.3333,424.1169835361724,9.135239982875648
paris,200,1.0,Baseline,20,255.223,9.33774293702149,224.4143077211984,2.340780281280791,125.976171875,4.841249072499767,1.00988,0.0173349999999999,1.0023,1.3333,20.119172855270246,1.750662459683371
paris,200,1.0,Full,20,195.835,4.756952252949583,180.11698224218375,1.3874606770384732,114.108203125,4.830635049637021,1.01391,0.0296999999999999,1.0,1.3333,37.52997009748909,2.0552004185267942
paris,200,1.0,w/o_LNS,20,263.28799999999995,11.305191913918415,218.4908409584737,2.5033139305678853,119.6837890625,2.910411497272773,1.0100650000000002,0.0172999999999999,1.0023,1.3333,25.239699987813864,1.6558015920491629
paris,200,1.0,w/o_PrePlan,20,193.6815,4.424282606134851,180.55862006185671,2.0937864114030127,111.6578125,5.823453955067978,1.0128549999999998,0.028605,1.0,1.3333,38.923488556673,1.817535498407118
paris,400,1.0,Baseline,20,179.7195,0.6258339699111418,187.420677393996,0.6233787471558736,120.451953125,4.090066144735067,1.00989,0.01734,1.0023,1.3333,27.59164031199002,0.7759410222742334
paris,400,1.0,Full,20,178.377,0.408554576654407,184.4388750936997,0.5323369602402827,119.749609375,4.630698700811728,1.016975,0.019815,1.0,1.3333,41.96242394151297,1.0452027772935248
paris,400,1.0,w/o_LNS,20,179.72850000000005,0.6234139876518643,187.40574893115647,0.6348136108638799,118.3669921875,4.21674413872401,1.00989,0.0172949999999999,1.0023,1.3333,26.956327489770256,0.5451712070950648
paris,400,1.0,w/o_PrePlan,20,178.377,0.408554576654407,184.4388750936997,0.5323369602402827,120.9142578125,5.278236193087616,1.016975,0.019815,1.0,1.3333,42.04163202017829,1.048784456983321
paris,600,1.0,Baseline,20,175.494,0.3808909223607749,189.1784305552169,0.8024330176648966,122.7115234375,4.167263814867132,1.0098800000000003,0.017345,1.0023,1.3333,76.25238764346832,1.191416514432892
paris,600,1.0,Full,20,174.8625,0.2397119982505339,188.3081866944032,0.7204257228631604,125.657421875,6.056298080037171,1.010865,0.01773,1.0,1.3333,89.01484549052569,1.2300197716295636
paris,600,1.0,w/o_LNS,20,175.49349999999998,0.3922978862789694,189.1759845022423,0.7935237505630567,120.2046875,5.924702491212111,1.009885,0.017345,1.0023,1.3333,76.64222010015361,1.256236833700887
paris,600,1.0,w/o_PrePlan,20,174.8625,0.2397119982505339,188.3081866944032,0.7204257228631604,125.8591796875,3.449050867038123,1.010865,0.01773,1.0,1.3333,89.6017479758964,1.0403943713330737
paris,800,1.0,Baseline,20,173.83650000000003,0.3944386417495936,192.34858785046217,0.8519080672789668,133.10625,4.699343863862525,1.009865,0.0173,1.0023,1.3333,204.39785516060772,4.255261512303677
paris,800,1.0,Full,20,173.25650000000002,0.217939513578759,191.71131109160632,0.7222196535166754,136.5388671875,7.994739657666191,1.0099950000000002,0.0174049999999999,1.0,1.3333,219.50249591400325,3.390104223195869
paris,800,1.0,w/o_LNS,20,173.84250000000003,0.4001430665202282,192.3776682793646,0.849389591390148,130.2697265625,4.123058581364743,1.00987,0.017295,1.0023,1.3333,207.8405338683144,3.3167698669801937
paris,800,1.0,w/o_PrePlan,20,173.25650000000002,0.217939513578759,191.71131109160632,0.7222196535166754,135.2734375,5.518777288035295,1.0099950000000002,0.0174049999999999,1.0,1.3333,220.7732179152116,3.019779046738829
paris,1000,1.0,Baseline,20,172.91000000000005,0.3817687368303661,195.4692355770205,0.7504351156987488,131.8580078125,6.105915271700765,1.00989,0.0173149999999999,1.0023,1.3333,400.3123140670101,6.570390774179054
paris,1000,1.0,Full,20,172.3345,0.177629863539473,194.92401345085503,0.6571109759426895,143.26484375,6.342489053244176,1.0099400000000005,0.0174049999999999,1.0,1.3333,415.1862645443755,7.788216183316479
paris,1000,1.0,w/o_LNS,20,172.91250000000002,0.3900860229015609,195.5225829653324,0.7967403926881722,132.217578125,4.697374826905221,1.00989,0.0173149999999999,1.0023,1.3333,407.2944624877388,6.007716859421024
paris,1000,1.0,w/o_PrePlan,20,172.3345,0.177629863539473,194.92401345085503,0.6571109759426895,140.37734375,7.618807962754718,1.0099400000000005,0.0174049999999999,1.0,1.3333,413.4301050880815,5.681737898664885
paris,200,2.0,Baseline,20,354.6865,5.977272987610744,206.7295957169726,0.8779336112985001,115.20546875,3.407370764131762,1.00988,0.017685,1.0023,1.6667,22.587656078446656,1.9622854722581664
paris,200,2.0,Full,20,347.00699999999995,7.326858377518324,180.1852920817965,1.9142302654850472,104.8806640625,2.580299457741204,1.01592,0.02915,1.0,1.3333,56.027030343087205,4.136326724703704
paris,200,2.0,w/o_LNS,17,396.0682352941176,6.128782745470465,209.97803693495663,1.240271809248934,113.73483455882354,2.058625197274176,1.0104529411764704,0.0174588235294117,1.0023,1.3333,41.09318506265998,2.885954227751521
paris,200,2.0,w/o_PrePlan,20,315.78000000000003,6.872298320833167,180.54021093103745,1.4135346989963258,105.5693359375,3.6014893323266937,1.016055,0.030395,1.0,1.3333,48.20710558082891,3.5722860871818933
paris,400,2.0,Baseline,20,210.48,5.863499045163356,211.0780941331177,4.444230864371958,129.3876953125,7.975885877450002,1.0100650000000004,0.0174749999999999,1.0023,1.3333,48.85393893374045,5.401455475775041
paris,400,2.0,Full,20,207.05,7.418803279860111,205.21118079608428,4.811023968229889,122.841015625,2.6627490697008693,1.012975,0.018525,1.0,1.3333,97.50715998012816,9.036120437555606
paris,400,2.0,w/o_LNS,20,213.555,7.735701580811426,211.5385932420392,4.643797773687522,123.4517578125,3.1966541655004166,1.01005,0.0174049999999999,1.0023,1.3333,51.536746060120926,5.37446621993413
paris,400,2.0,w/o_PrePlan,20,205.5845,6.252742955990131,205.74379763688904,5.372616790698117,122.2748046875,2.542973100274697,1.013195,0.019155,1.0,1.3333,109.67647107764527,8.529793412412884
paris,600,2.0,Baseline,20,179.012,0.8131394649589208,186.6408383749337,0.6733438297522472,114.8650390625,3.785527947156136,1.0100900000000004,0.0175099999999999,1.0023,1.3333,67.63572526535359,1.2139475303531884
paris,600,2.0,Full,20,177.7645,0.8197270084735836,185.45788481123856,0.7734754421541654,115.8642578125,2.222433800134012,1.01057,0.01784,1.0,1.3333,97.89356661554086,1.594808399772032
paris,600,2.0,w/o_LNS,20,179.0135,0.8284562371315135,186.6975903095529,0.6798055070849746,115.461328125,3.070367402540796,1.0100750000000005,0.01749,1.0023,1.3333,66.75745143455717,1.3555200502707194
paris,600,2.0,w/o_PrePlan,20,177.7645,0.8197270084735836,185.45788481123856,0.7734754421541654,115.708203125,3.050393101108292,1.01057,0.01784,1.0,1.3333,102.87144869621532,2.261363387761484
paris,800,2.0,Baseline,20,175.699,0.5084744986619028,188.1530839795076,0.9037209640055665,120.100390625,3.1299126424573034,1.0100750000000005,0.01747,1.0023,1.3333,148.76255645924738,4.136347187205762
paris,800,2.0,Full,20,174.4885,0.426630309580357,186.89687297987132,0.6944770598956856,121.0734375,4.173327482527412,1.0101300000000002,0.01764,1.0,1.3333,179.44653571965415,3.779079046053937
paris,800,2.0,w/o_LNS,20,175.69950000000003,0.5209856549191897,188.1429386261984,0.8880918776483865,120.1333984375,3.7202377130692734,1.0100700000000002,0.0174749999999999,1.0023,1.3333,148.98088168866434,3.973817174237564
paris,800,2.0,w/o_PrePlan,20,174.4885,0.426630309580357,186.89687297987132,0.6944770598956856,121.337109375,4.027615258025995,1.0101300000000002,0.01764,1.0,1.3333,177.14833066812196,3.426598171104374
paris,1000,2.0,Baseline,20,174.2855,0.4450839660582104,190.6520332262561,0.8809085317115601,127.7353515625,7.162697645894053,1.0100850000000003,0.017495,1.0023,1.3333,317.3930365705101,27.035480672144743
paris,1000,2.0,Full,20,173.12900000000002,0.2966993871173143,189.49703990936644,0.8583102106377957,132.120703125,1.828649843477804,1.0100450000000003,0.017605,1.0,1.3333,367.7090439118053,8.613537988833547
paris,1000,2.0,w/o_LNS,20,174.281,0.444461827145453,190.6978766293624,0.9497112848361556,131.9890625,2.111183283151316,1.0100650000000004,0.01749,1.0023,1.3333,339.80661441773606,9.335228455501625
paris,1000,2.0,w/o_PrePlan,20,173.12900000000002,0.2966993871173143,189.49703990936644,0.8583102106377957,131.2755859375,3.3424692413400883,1.0100450000000003,0.017605,1.0,1.3333,365.755840612371,8.680719483142816
paris,200,5.0,Baseline,20,443.0265,3.59436587628911,200.7743227549722,0.7639190668471917,109.562109375,4.804387276002054,1.009915,0.0173149999999999,1.0023,1.3333,49.54405228736452,3.0951771628651303
paris,200,5.0,Full,20,435.7625,4.351650473338279,177.09334001048518,1.1482601039698397,103.4673828125,1.8857998636678068,1.0166849999999996,0.027825,1.0,1.3333,47.85331893862271,2.776547028059529
paris,200,5.0,w/o_LNS,20,479.869,4.254524402884164,203.0430000672007,0.7536678171379916,109.2748046875,2.88687614607895,1.010495,0.0173,1.0023,1.3333,34.460640967248274,4.313757757154053
paris,200,5.0,w/o_PrePlan,20,406.747,4.341548474668311,177.79385029955512,1.7443844218621951,98.68984375,1.732365330453682,1.01818,0.0270599999999999,1.0,1.3333,69.63929534051256,2.4476151299211906
paris,400,5.0,Baseline,20,265.62499999999994,2.8791400397377407,203.53058516105463,1.2781419412765105,130.204296875,7.19041301854858,1.010145,0.0174699999999999,1.0023,1.3333,43.53250243185462,3.969532207806716
paris,400,5.0,Full,20,267.73550000000006,2.70711435995873,191.87508232419148,1.2843102041118004,126.7763671875,2.498502865284037,1.01239,0.0220399999999999,1.0,3.494,141.90069001554406,19.176766351200392
paris,400,5.0,w/o_LNS,17,281.07823529411763,4.123598603304702,202.39958278581383,1.898222771499407,130.37729779411765,4.01425445770577,1.0112,0.0196470588235294,1.0023,2.3358,129.1509608086571,23.99424222499369
paris,400,5.0,w/o_PrePlan,20,257.8005,2.478627538313132,197.6430244252859,1.3199741549338426,112.952734375,2.151211538940168,1.0117749999999996,0.0182899999999999,1.0,1.3333,101.16302070628016,7.700864280526275
paris,600,5.0,Baseline,20,214.9125,2.466320240016655,204.1081292228326,1.3978419491739935,165.9625,10.428896086669686,1.0103650000000002,0.0179599999999999,1.0023,1.6667,63.991388813166246,3.584280805797708
paris,600,5.0,Full,20,222.0515,2.781374660127612,196.7928003898444,1.303266298087665,132.0455078125,2.66628910118952,1.0112,0.018045,1.0,1.3333,121.66378644234948,23.50218907319344
paris,600,5.0,w/o_LNS,18,226.6,2.928075055290042,200.08962502086013,1.2784394908432375,133.78884548611111,2.396653041468492,1.0108333333333333,0.0197722222222222,1.0023,2.2281,100.63936680532083,23.7838419446764
paris,600,5.0,w/o_PrePlan,20,210.561,2.3861859017886142,200.47257243708543,1.4738264961287166,123.2453125,2.260862167069643,1.011495,0.0180249999999999,1.0,1.3333,138.0474697729803,7.68293621268921
paris,800,5.0,Baseline,20,189.261,2.420152017843856,195.05771682291825,2.302931492851961,156.0044921875,29.56608955592532,1.0104400000000002,0.01774,1.0023,1.3333,95.80137156764836,8.704686380405022
paris,800,5.0,Full,20,185.67650000000003,2.016952560567286,191.10532604661472,1.8271429812716675,128.46796875,2.3047347508537213,1.0106350000000002,0.0180399999999999,1.0,1.3333,162.84217147157824,11.560908717164605
paris,800,5.0,w/o_LNS,19,189.28,2.4999399992799827,195.0732131695028,2.334423285942459,130.0055509868421,2.600502407664097,1.010384210526316,0.0176684210526315,1.0023,1.3333,99.51854430589655,6.702446670023274
paris,800,5.0,w/o_PrePlan,20,185.581,1.8942041795129136,191.1497199230492,1.7323100672511926,128.066015625,2.29104630586705,1.0106449999999998,0.0180699999999999,1.0,1.3333,174.75837193609263,8.44123561595096
paris,1000,5.0,Baseline,20,179.002,0.7380957005415341,187.9106787698608,0.7575489804206483,136.5009765625,12.154730153547575,1.0104700000000002,0.017685,1.0023,1.3333,163.19863649589144,11.723129372832531
paris,1000,5.0,Full,20,176.5655,0.6215809639434317,185.3796448448913,1.0075008807581065,132.028515625,3.284044153166733,1.01039,0.01796,1.0,1.3333,213.7627564270936,16.20640003327758
paris,1000,5.0,w/o_LNS,20,179.1085,0.7743606870730259,187.8782966112342,0.8287154592442414,133.15703125,2.512419871500651,1.010475,0.017715,1.0023,1.3333,158.46669178751696,14.779019669920668
paris,1000,5.0,w/o_PrePlan,20,176.49049999999997,0.6222833590474454,185.4111302908705,0.9884058396909507,132.5158203125,2.407830962860731,1.0104000000000002,0.017965,1.0,1.3333,227.47240582533783,9.807568829836972
warehouse-large,200,0.5,Baseline,20,179.449,0.5016278763344303,185.48353902123208,0.5463071959436281,114.665234375,2.993813302599264,1.01388,0.0319449999999999,1.0023,2.0,9.883618082868844,0.349194610533922
warehouse-large,200,0.5,Full,20,176.539,0.2989613599394449,179.98269453012227,0.6718487926423466,111.50703125,3.48382562011612,1.0219900000000002,0.033135,1.0,2.0476,16.031348137617208,1.498890949562296
warehouse-large,200,0.5,w/o_LNS,20,179.4515,0.5064351675657701,185.4838803719574,0.538909640736716,115.5685546875,3.904948894125954,1.013875,0.0319449999999999,1.0023,2.0,10.358891842489086,0.3607334465377202
warehouse-large,200,0.5,w/o_PrePlan,20,176.539,0.2989613599394449,179.98269453012227,0.6718487926423466,111.56015625,4.477686549425891,1.0219900000000002,0.033135,1.0,2.0476,18.40385753986153,1.5257594104298435
warehouse-large,400,0.5,Baseline,20,173.0495,0.3216973896790536,187.3651139690592,0.5446228632072575,116.776953125,5.028507582897351,1.013825,0.0316349999999999,1.0023,2.0,23.716541183344106,0.3988061403428336
warehouse-large,400,0.5,Full,20,173.30249999999998,3.312484955278643,186.12280605983543,0.7628897488827472,115.7431640625,4.480119099826504,1.0201300000000002,0.03378,1.0,3.6032,29.75522289034901,0.9703540050311892
warehouse-large,400,0.5,w/o_LNS,20,173.04850000000002,0.3191975959545386,187.3761065367448,0.5439647573050412,116.428515625,4.143748065790263,1.01381,0.0315599999999999,1.0023,2.0,23.60919937039374,0.3933348956060359
warehouse-large,400,0.5,w/o_PrePlan,20,173.30249999999998,3.312484955278643,186.12280605983543,0.7628897488827472,116.4814453125,3.245009293159689,1.0201300000000002,0.03378,1.0,3.6032,29.5168846854405,0.9977217177482782
warehouse-large,600,0.5,Baseline,20,170.8135,0.3371751848270565,192.23018797201613,0.5434195419199319,124.2984375,2.511996555756968,1.01376,0.031245,1.0023,2.0,77.19977515644504,1.6920671044724491
warehouse-large,600,0.5,Full,20,172.05300000000005,3.3120833005034265,191.61008677905943,0.7145431177645172,124.062890625,3.1518977338877803,1.022135,0.035815,1.0,3.5977,81.56568584079889,4.114010962477746
warehouse-large,600,0.5,w/o_LNS,20,170.8075,0.332437172536726,192.2466058980893,0.5462194256874521,122.8412109375,6.38354414388689,1.013765,0.031265,1.0023,2.0,78.07306349217609,1.425232824742923
warehouse-large,600,0.5,w/o_PrePlan,20,172.05300000000005,3.3120833005034265,191.61008677905943,0.7145431177645172,121.7328125,4.639645980649891,1.022135,0.035815,1.0,3.5977,82.14790627447354,3.791400173853299
warehouse-large,800,0.5,Baseline,20,169.6615,0.268490419313533,197.10949456764723,0.6588363184029861,132.4009765625,4.258937501326002,1.01374,0.031405,1.0023,1.9048,195.9338547354456,3.952632892787659
warehouse-large,800,0.5,Full,20,172.2385,4.195388790715727,196.98773266558177,0.9830067517040002,134.3396484375,2.892669217110225,1.028085,0.0367099999999999,1.0,2.1283,199.2548270491656,4.7277401931775564
warehouse-large,800,0.5,w/o_LNS,20,169.66250000000002,0.2632164408558872,197.0822364166832,0.6453718432885919,132.1486328125,4.773569480063157,1.01373,0.0314,1.0023,1.9048,197.181568230238,3.894517297133337
warehouse-large,800,0.5,w/o_PrePlan,20,172.2385,4.195388790715727,196.98773266558177,0.9830067517040002,133.8162109375,4.355936511457175,1.028085,0.0367099999999999,1.0,2.1283,199.71392935813407,4.520885320305951
warehouse-large,1000,0.5,Baseline,20,168.94399999999996,0.261380948043272,202.3527972982538,0.8039790887211805,147.1515625,4.022567252269838,1.01369,0.030205,1.0023,1.625,406.24919158321785,8.299487039523225
warehouse-large,1000,0.5,Full,20,171.2875,4.441492014603816,202.0081571014827,0.9672531701915869,148.234765625,2.9991981103881207,1.02742,0.0346449999999999,1.0,2.072,407.0908517963992,10.925269350914803
warehouse-large,1000,0.5,w/o_LNS,20,168.94,0.2604045435774705,202.3366300224837,0.8097412854056423,146.3224609375,2.931562578403768,1.0136850000000002,0.0301999999999999,1.0023,1.625,406.0130037219972,8.639096193791074
warehouse-large,1000,0.5,w/o_PrePlan,20,171.2875,4.441492014603816,202.0081571014827,0.9672531701915869,148.1412109375,4.210609126280533,1.02742,0.0346449999999999,1.0,2.072,407.8594994544655,10.603892601196378
warehouse-large,200,1.0,Baseline,20,232.327,11.946380689520458,215.20022986012745,4.247495413654634,129.1150390625,4.822206353489314,1.01561,0.0379449999999999,1.0023,2.08,21.09721187565012,1.3158966842859798
warehouse-large,200,1.0,Full,20,214.803,15.90838577275321,198.7881326464606,5.22964541860285,122.21875,3.5020264230356406,1.018415,0.03262,1.0,2.0952,38.50851072875263,7.722461996036267
warehouse-large,200,1.0,w/o_LNS,18,239.6555555555556,13.793830343873145,212.8166104682817,4.169343509895959,122.96723090277776,2.611183074269308,1.01575,0.0373222222222222,1.0023,2.0,22.8407033530936,1.6184841164842207
warehouse-large,200,1.0,w/o_PrePlan,20,211.313,13.004370560861854,200.88559827307068,6.0117311811114895,122.27265625,4.357418046064219,1.01824,0.031965,1.0,2.0952,39.84752404608034,1.915400292978629
warehouse-large,400,1.0,Baseline,20,175.21599999999998,0.5553320486074349,185.5692605360598,0.5244434430267977,123.1111328125,3.937699565116507,1.01628,0.03803,1.0023,1.9524,27.50241046513316,0.8695571698553687
warehouse-large,400,1.0,Full,20,174.73250000000002,0.6829107593698898,184.74691929868223,0.5511589814384704,124.6755859375,5.463365311181804,1.0188100000000002,0.04269,1.0,4.5,39.73200119288663,3.0157302977077367
warehouse-large,400,1.0,w/o_LNS,20,175.2045,0.5665451624121708,185.6147448959721,0.5617439970889134,121.75390625,3.015283037265172,1.0163249999999997,0.041915,1.0023,5.0,26.991176959888293,0.3920019474350904
warehouse-large,400,1.0,w/o_PrePlan,20,174.73250000000002,0.6829107593698898,184.74691929868223,0.5511589814384704,124.461328125,3.8748789433220887,1.0188100000000002,0.04269,1.0,4.5,39.55274353526676,3.0266415360037566
warehouse-large,600,1.0,Baseline,20,172.003,0.5295489639902615,189.7699245353272,0.5594607731028577,124.465234375,5.157948487326452,1.0167100000000002,0.050115,1.0023,5.5,78.11860692967359,1.3514222210981297
warehouse-large,600,1.0,Full,20,172.6905,1.6975879947737609,189.1372969469624,0.6859584946492219,125.453125,5.013962214384334,1.02263,0.049765,1.0,5.4576,84.37710760181943,3.45043558409432
warehouse-large,600,1.0,w/o_LNS,20,172.001,0.5159345123682157,189.72911253597977,0.5104079387788241,123.4892578125,4.786691210410317,1.01667,0.047735,1.0023,5.5,77.81038442652647,1.4205195229388805
warehouse-large,600,1.0,w/o_PrePlan,20,172.6905,1.6975879947737609,189.1372969469624,0.6859584946492219,124.0890625,5.257475782504225,1.02263,0.049765,1.0,5.4576,86.0804969490053,3.31657175604533
warehouse-large,800,1.0,Baseline,20,170.55149999999998,0.4270988422515721,194.8270885931144,0.8130182928974943,134.6431640625,4.438402500096791,1.01657,0.047815,1.0023,4.0,207.9796309297816,3.740542726093065
warehouse-large,800,1.0,Full,19,172.59105263157895,2.8339761912605392,194.4217952491441,0.8380092581964532,134.31990131578948,5.364714629565041,1.0285736842105262,0.0649052631578947,1.0,4.954,206.86017648639583,15.493757896994165
warehouse-large,800,1.0,w/o_LNS,20,170.5395,0.4163307768943789,194.87006794135365,0.874173129507991,133.3736328125,3.5223832325738047,1.016475,0.04637,1.0023,3.5,210.1639942844669,3.363863946265328
warehouse-large,800,1.0,w/o_PrePlan,19,172.59105263157895,2.8339761912605392,194.4217952491441,0.8380092581964532,133.9518914473684,4.053402158552646,1.0285736842105262,0.0649052631578947,1.0,4.954,210.7078984483296,14.850959483514158
warehouse-large,1000,1.0,Baseline,20,169.71,0.3893314107138312,200.5048054024274,0.883773514232793,141.340625,4.000942841890501,1.01625,0.0415549999999999,1.0023,3.5,412.1618110696911,6.066557090437518
warehouse-large,1000,1.0,Full,19,173.29263157894735,2.8182280526467607,200.28536807567085,1.2108976000397649,142.30448190789474,5.653303429878999,1.0367631578947367,0.0700052631578947,1.0,5.0,414.3230879073991,22.2048890094083
warehouse-large,1000,1.0,w/o_LNS,20,169.7045,0.3906064785082697,200.5091707201373,0.9247994427391684,140.3853515625,4.589584394793056,1.0162350000000002,0.0407749999999999,1.0023,3.5,415.196340682648,6.427897585899501
warehouse-large,1000,1.0,w/o_PrePlan,20,173.57799999999995,3.025407497563889,200.32867442216104,1.194407605328891,141.45390625,4.278360155463796,1.03805,0.077175,1.0,5.6949,400.7242696232577,31.539762021349706
warehouse-large,200,2.0,Baseline,20,330.4525,5.61046754314037,205.04615920675505,1.4745848358935592,121.40078125,3.786855323980228,1.01524,0.03661,1.0023,2.0,25.3534336665864,2.016868909753088
warehouse-large,200,2.0,Full,20,343.96750000000003,4.797138264248359,192.11802224692167,1.8438593990154872,110.9984375,2.6246326619738936,1.016595,0.032715,1.0,2.3041,54.76611699153363,3.878188139382523
warehouse-large,200,2.0,w/o_LNS,15,370.8613333333334,6.357997064065588,205.04579313565125,1.512895001575233,112.96927083333334,2.6167730493183328,1.022233333333333,0.0790933333333333,1.0023,4.4967,71.12017109053751,44.33868528211607
warehouse-large,200,2.0,w/o_PrePlan,20,308.507,6.933701904845862,194.92663334595903,1.98288310819924,110.2828125,2.600119374117817,1.0176599999999998,0.03244,1.0,1.9286,51.83730633820016,2.638313438740142
warehouse-large,400,2.0,Baseline,20,189.7105,7.351732681555597,194.2557191967228,7.011408616470431,141.0736328125,11.19119690827618,1.0185549999999997,0.04563,1.0023,3.5,47.40069980424406,3.7652491325316166
warehouse-large,400,2.0,Full,19,187.19736842105263,5.361529468874905,191.1206173996385,4.619432813741623,126.21402138157896,3.4081233646716504,1.0193,0.0457526315789473,1.0,2.4375,81.10156652544704,10.656048977500484
warehouse-large,400,2.0,w/o_LNS,19,190.29999999999995,8.213246752790411,194.390101769267,6.880366692519047,126.56270559210526,4.129500064406745,1.018878947368421,0.0538736842105263,1.0023,4.5,47.54532044291968,3.252835487968896
warehouse-large,400,2.0,w/o_PrePlan,19,187.05052631578943,5.1327190906144375,191.19256636856008,4.693623737204488,125.90501644736842,2.8701520365532205,1.0193894736842108,0.0457421052631578,1.0,2.4375,88.19182560217642,6.93164051528758
warehouse-large,600,2.0,Baseline,20,174.61,0.5819567717713434,187.07264217349547,0.5039064596756974,130.4033203125,6.58415971449338,1.018945,0.044535,1.0023,1.9286,68.65233181482354,1.2330462524416057
warehouse-large,600,2.0,Full,20,174.299,1.0705920644302656,185.5366248427881,0.7383357041007137,125.7619140625,2.965091581060241,1.02367,0.076005,1.0,11.5,85.9288628502184,5.348923797895955
warehouse-large,600,2.0,w/o_LNS,20,174.6255,0.567695943450829,187.0059452172031,0.4928090978887731,127.4244140625,2.892566713990961,1.01883,0.042835,1.0023,1.9286,68.84864902576795,1.5352627140315789
warehouse-large,600,2.0,w/o_PrePlan,20,174.299,1.0705920644302656,185.5366248427881,0.7383357041007137,125.8798828125,2.799918139128688,1.02367,0.076005,1.0,11.5,89.63591421788836,5.7405314958975655
warehouse-large,800,2.0,Baseline,20,172.2435,0.5107401749576669,191.5441082256345,0.7348940646162957,138.621484375,6.328011149174834,1.018765,0.0480149999999999,1.0023,4.5,155.63956000804916,4.26600058650096
warehouse-large,800,2.0,Full,19,172.65157894736842,0.9861330942282424,190.28737214326665,0.9730968670540424,133.47224506578948,3.752760913700402,1.0256315789473684,0.0652421052631578,1.0,4.438,165.49318737803364,11.205190367230715
warehouse-large,800,2.0,w/o_LNS,20,172.21099999999998,0.5360174781125162,191.5215738713836,0.8025985896829168,132.7208984375,3.8633059822977023,1.018865,0.048065,1.0023,5.0,155.8909287046012,3.95460720998311
warehouse-large,800,2.0,w/o_PrePlan,19,172.65157894736842,0.9861330942282424,190.28737214326665,0.9730968670540424,133.05571546052633,3.471321160725414,1.0256315789473684,0.0652421052631578,1.0,4.438,163.2867560794845,11.3348770760365
warehouse-large,1000,2.0,Baseline,20,171.102,0.4348333013926173,197.4107881595598,0.8937295603406952,152.3314453125,6.4481291536636265,1.0194050000000003,0.05941,1.0023,9.0,341.68989032209385,9.680401769522028
warehouse-large,1000,2.0,Full,19,173.88210526315788,2.158866932617321,196.347685235892,1.1989827331879943,147.25472861842104,3.4932642906460125,1.0365894736842105,0.1354368421052631,1.0,7.0652,302.02687137206385,58.823055686525976
warehouse-large,1000,2.0,w/o_LNS,20,171.099,0.4416583580813993,197.45869457580056,0.8676696932173694,145.460546875,3.5155246924652155,1.019095,0.05819,1.0023,10.0,346.56933944064707,9.155967748035224
warehouse-large,1000,2.0,w/o_PrePlan,19,173.88210526315788,2.158866932617321,196.347685235892,1.1989827331879943,145.77713815789474,4.377459988904679,1.0365894736842105,0.1354368421052631,1.0,7.0652,299.4340450135346,58.23708229409366
warehouse-large,200,5.0,Baseline,20,409.189,3.7792451209481626,197.40074667894424,0.9570416159052104,119.4544921875,2.924808512746268,1.01523,0.0342149999999999,1.0023,2.5,43.127545532318,2.2021018821796727
warehouse-large,200,5.0,Full,20,423.0945,4.008378691795731,185.7458643015976,1.108870486925244,106.817578125,3.0225714719579684,1.01723,0.033225,1.0,2.4062,52.05264705761629,2.429565698586426
warehouse-large,200,5.0,w/o_LNS,14,445.3642857142857,4.583083802731202,196.35574436429283,1.217821574215188,108.37109375,1.694004142203934,1.018407142857143,0.05225,1.0023,4.28,42.2220372103336,10.47246473288053
warehouse-large,200,5.0,w/o_PrePlan,20,392.478,3.72613755149103,189.8417489072552,0.9984515546586856,107.5146484375,1.8850547100703383,1.0187450000000002,0.03007,1.0,1.75,64.70648451763809,3.227279278455377
warehouse-large,400,5.0,Baseline,20,249.0205,3.297353763566367,197.86601504822124,1.4552232805305458,157.1126953125,7.548537566963802,1.01992,0.04607,1.0023,1.9375,41.71782001928632,2.6904299189592265
warehouse-large,400,5.0,Full,20,257.6865,4.434805252948423,189.88811648115947,1.805327562094969,127.82578125,2.4582834085005425,1.020115,0.049835,1.0,4.5333,120.7960980623879,20.37092176076567
warehouse-large,400,5.0,w/o_LNS,4,264.095,3.947171983416317,193.72457279385264,0.83642644814697,128.5615234375,1.502413609243118,1.026075,0.063075,1.0023,2.0,175.2683664050933,93.48913109059212
warehouse-large,400,5.0,w/o_PrePlan,20,244.236,3.74364921883504,194.79530797252525,1.6422304305140594,122.106640625,2.607852651126924,1.0210200000000005,0.046325,1.0,2.6545,83.26885259584404,16.105363735830885
warehouse-large,600,5.0,Baseline,20,201.3625,2.882737870771283,198.05669536803933,2.015797367793742,185.932421875,7.024580524250811,1.02313,0.0534349999999999,1.0023,2.5,67.92927932037287,5.089333569906518
warehouse-large,600,5.0,Full,19,207.58315789473687,3.668192186640264,192.6454005563002,1.5349333906589622,134.046875,3.340427732813725,1.0252789473684212,0.0564210526315789,1.0,3.6423,137.4575227701366,39.19376679364461
warehouse-large,600,5.0,w/o_LNS,8,211.63875,3.606670159975422,195.52846786340544,1.4080921071681909,136.03857421875,2.151980071908956,1.0245875,0.062625,1.0023,2.5036,127.29686957546798,68.30296490527894
warehouse-large,600,5.0,w/o_PrePlan,19,197.4347368421053,3.228940948534488,194.31005547824503,2.189701905302317,129.19716282894737,1.8680124102250124,1.0249,0.0583736842105263,1.0,3.4128,142.13350728496548,42.36939297659372
warehouse-large,800,5.0,Baseline,20,177.79649999999998,0.8552271166495077,188.34362157640425,0.8978053489033623,182.1291015625,23.20174781996834,1.024895,0.0604249999999999,1.0023,2.8571,113.2379336410043,7.178896944980703
warehouse-large,800,5.0,Full,18,178.00222222222223,2.1715962021884936,186.5540807553925,1.125336359524087,132.67078993055554,3.0625793682843683,1.0334277777777778,0.0866388888888888,1.0,5.0,186.82175564104529,86.72866263231656
warehouse-large,800,5.0,w/o_LNS,18,177.84777777777776,0.974380983318947,188.3955962753694,0.8952828807407347,134.23068576388889,2.88675294377926,1.0256944444444445,0.0685666666666666,1.0023,4.5,109.1365300192406,7.612323623613745
warehouse-large,800,5.0,w/o_PrePlan,18,177.68833333333336,1.4311256367752248,186.26731889409285,0.8823723052365902,133.06618923611111,3.333538340827855,1.0341166666666668,0.0971944444444444,1.0,5.322,180.408328278024,69.05733041450246
warehouse-large,1000,5.0,Baseline,20,174.35399999999998,0.5843520928524624,191.89560752314927,0.8897924926731233,177.686328125,24.81067640675152,1.025325,0.061385,1.0023,2.5,190.1801941677845,10.0943923689308
warehouse-large,1000,5.0,Full,16,176.935,1.6394145296416047,190.19195663597787,1.348180741261779,140.48291015625,2.115266596207343,1.04245625,0.1454437499999999,1.0,5.8526,227.52741603715452,92.01501785567288
warehouse-large,1000,5.0,w/o_LNS,19,174.47105263157894,0.5314852850146808,191.8792209804648,0.9394228139464949,139.9866365131579,2.6321437662333214,1.025636842105263,0.0612473684210526,1.0023,2.5714,179.67955311931868,11.84090555912538
warehouse-large,1000,5.0,w/o_PrePlan,16,176.88375000000002,2.144281931090221,190.6419981049146,1.5491833493884974,140.35595703125,2.881343444500502,1.042425,0.12969375,1.0,5.0645,320.1699021204035,182.48396530819576
